,url,titre,first_publication_date,description,prix,type_de_bien,meuble,surface,nb_rooms,DPE,GES,ascenseur,etage,nb_etages,charges,caution,region,departement,ville,zipcode,latitude,longitude,host_name,piscine,nb_bedrooms,parking,quartier,cave,terrasse,Unnamed: 0.53,Unnamed: 0.52,Unnamed: 0.51,Unnamed: 0.50,Unnamed: 0.49,Unnamed: 0.48,Unnamed: 0.47,Unnamed: 0.46,Unnamed: 0.45,Unnamed: 0.44,Unnamed: 0.43,Unnamed: 0.42,Unnamed: 0.41,Unnamed: 0.40,Unnamed: 0.39,Unnamed: 0.38,Unnamed: 0.37,Unnamed: 0.36,Unnamed: 0.35,Unnamed: 0.34,Unnamed: 0.33,Unnamed: 0.32,Unnamed: 0.31,Unnamed: 0.30,Unnamed: 0.29,Unnamed: 0.28,Unnamed: 0.27,Unnamed: 0.26,Unnamed: 0.25,Unnamed: 0.24,Unnamed: 0.23,Unnamed: 0.22,Unnamed: 0.21,Unnamed: 0.20,Unnamed: 0.19,Unnamed: 0.18,Unnamed: 0.17,Unnamed: 0.16,Unnamed: 0.15,Unnamed: 0.14,Unnamed: 0.13,Unnamed: 0.12,Unnamed: 0.11,Unnamed: 0.10,Unnamed: 0.9,Unnamed: 0.8,Unnamed: 0.7,Unnamed: 0.6,Unnamed: 0.5,Unnamed: 0.4,Unnamed: 0.3,Unnamed: 0.2,Unnamed: 0.1,Unnamed: 0
0,https://www.leboncoin.fr/ad/locations/2707178913,Belle chambre bld d'anvers,2024-05-20 19:22:16,"Belle chambre lumineuse

Int√©gralement meubl√©e (armoire + lit + bureau + coin cuisine, frigo, kitchenette etc)

Id√©alement situ√©e (bld d‚Äôanvers) face √† Auchan, proche des facs et de toute commodit√©.

WC et douche sur le palier √† partager avec deux √©tudiant(e)s.

Disponible √† partir du 01/06/2024

Loyer: 355 euros
Charges: 20 euros
Total: 375 euros",375,Appartement,1,14,1,e,e,Non,4,4,20,400,Alsace,Bas-Rhin,Strasbourg,67000,48.58391,7.7752,Anvers,Non,N/A,oui,N/A,N/A,oui,,,,,,,,,,,,,,,,,,,,,,,,,,,,,,,,,,,,,,,,,,,,,,,,,,,,,,
1,https://www.leboncoin.fr/ad/locations/2690106480,7 pi√®ces quartier Palais Universitaire Neustadt,2024-05-10 13:55:51,"Appartement √† louer √† partir du 1er ao√ªt 2024.

Id√©alement plac√© dans le quartier du palais universitaire avec vue d√©gag√©e sur la place de l'universit√© et l'√©glise Saint-Paul.
Immeuble construit en 1885, 3m70 de hauteur sous plafond, parquet massif

7 pi√®ces de 203m2 qui se compose de:
-3 pi√®ces de r√©ception dont 2 de 30m2, donnant sur la place de l'universit√© avec vue
-4 chambres
-1 sdb avec baignoire
-WC
-d√©barras faisant office de buanderie
-cuisine enti√®rement √©quip√©e 

1 cave compl√®te ce bien

Exposition Nord/Sud
Chauffage individuel au GAZ (DPE en cours) : estimation de consommation : 4000euros/an
Double vitrage

Pas de colocation
Agences s'abstenir",2240,Appartement,2,203,7,v,v,Non,3,4,140,2100,Alsace,Bas-Rhin,Strasbourg,67000,48.58449,7.76015,Christian,Non,,,,,,0.0,,,,,,,,,,,,,,,,,,,,,,,,,,,,,,,,,,,,,,,,,,,,,,,,,,,,,
2,https://www.leboncoin.fr/ad/locations/2707137587,Studio meubl√©,2024-05-20 18:41:38,Loue au 1 er juillet studio meubl√© proche rotonde . 20M2 . Situ√© route de mittelhausbergen . Loyer 590 euros cc . Chauffage et eau compris .,590,Appartement,1,20,1,d,c,Not Available,2,2,50,1100,Alsace,Bas-Rhin,Strasbourg,67200,48.59372,7.72575,fati67,Non,,,,,,1.0,0.0,,,,,,,,,,,,,,,,,,,,,,,,,,,,,,,,,,,,,,,,,,,,,,,,,,,,
3,https://www.leboncoin.fr/ad/locations/2652254865,‚ù§Ô∏è de Strasbourg √† louer,2024-04-21 06:39:30,"‚ù§Ô∏è de Strasbourg quai des bateliers 
üè† 95 m2 avec 2 chambres et 2 balcons appartement typique alsacien 
üéØ grande pi√®ce √† vivre avec chemin√©e en fonctionnement. Vue sur l‚Äôeau 
üåà meuble avec go√ªt 
üéÅ local √† v√©los",1700,Appartement,1,95,3,c,d,Not Available,1,3,100,2500,Alsace,Bas-Rhin,Strasbourg,67000,48.58153,7.75566,DeborahA,Non,,,quai des bateliers,,,2.0,1.0,0.0,,,,,,,,,,,,,,,,,,,,,,,,,,,,,,,,,,,,,,,,,,,,,,,,,,,
4,https://www.leboncoin.fr/ad/locations/2707290944,Studio meuble strasbourg,2024-05-20 20:22:20,"Loue studio meubl√© dans r√©sidence s√©curis√©e ""Les ponts couverts"" place du cygne √† Strasbourg, 
3√®me √©tage avec ascenseur, balcon, cuisine √©quip√©e, SDB avec WC, radiateur s√®che serviette, placards, raccord√© √† la fibre optique, pas de garage, pas de cave. 
L‚Äôappartement sera remis √† neuf d√©but ao√ªt.

Situ√© au centre de Strasbourg, √† 100m de la facult√© de m√©decine, proximit√© gare et tous moyens de transports. Id√©al pour √©tudiant.

Pas de frais d'agence.
Loyer mensuel 660‚Ç¨ CC sauf √©lectricit√© (forfait de charge).
Libre au 1er ao√ªt, emm√©nagement possible √† compter du 12 ao√ªt.

Visites possibles sur demande.
Dossier √† constituer : 
- 3 derni√®res fiches de paie ou 2 derniers bilans comptables pour les non-salari√©s ;
- dernier avis d'imposition ;
- pi√®ce d'identit√© ;
- justificatif de domicile r√©cent ;
- Tout autre document susceptible d‚Äôappuyer le dossier (avis d'attribution de bourse, attestation de simulation pour les aides Caf, tout justificatif de revenu compl√©mentaire‚Ä¶) ;

Agences et autre d√©marcheur professionnel, s'abstenir.",660,Appartement,1,22,1,Not Available,Not Available,Oui,3,Not Available,60,1320,Alsace,Bas-Rhin,Strasbourg,67000,48.5783,7.73994,Pierre67700,Non,,oui,,,oui,3.0,2.0,1.0,0.0,,,,,,,,,,,,,,,,,,,,,,,,,,,,,,,,,,,,,,,,,,,,,,,,,,
5,https://www.leboncoin.fr/ad/locations/2707908480,Loue beau 4 pi√®ces √† Strasbourg-Robertsau,2024-05-21 10:17:47,"Loyer 1050‚Ç¨+avances sur charges 270‚Ç¨ pour 2 personnes+20‚Ç¨ par personne suppl√©mentaire (chauffage de l'appartement,eau chaude et eau froide,nettoyage des communs sont inclus dans les charges)
Particulier loue appartement 4pi√®ces, RdeCh sur√©lev√©, 102m¬≤, quartier Robertsau,
Appartement traversant, ensoleill√©,
Etat neuf, parquet, double vitrage,
Cuisine √©quip√©e
Chauffage collectif individualis√© de l'appartement, DPE = D  120Kwh/m¬≤.an
Proximit√© Commerces
Proximit√© Bus et Tram
Proximit√© Ecoles
Merci de contacter de pr√©f√©rence par t√©l√©phone.",1320,Appartement,2,102,4,d,d,Non,0,3,270,1050,Alsace,Bas-Rhin,Strasbourg,67000,48.58504,7.73642,Particulier,Non,,oui,,,oui,4.0,3.0,2.0,1.0,0.0,,,,,,,,,,,,,,,,,,,,,,,,,,,,,,,,,,,,,,,,,,,,,,,,,
6,https://www.leboncoin.fr/ad/locations/2708340044,JOLI STUDIO MANSARDE CLIMATISE 18M2 au 32 Faubourg de Pierre STRASBOURG,2024-05-21 14:50:29,"Joli studio mansard√©, 18 m2, atypique, poutres apparentes, beaucoup de cachet. 
Avec nouveaux v√©lux et 1 climatisation qui vient d'√™tre install√©e. 
Au 5√®me √©tage sans ascenseur, au 32 rue du faubourg de Pierre, STRASBOURG.
Au calme, sur cour arri√®re. Comprend: 1 pi√®ce √† vivre mansard√©e avec 1 kitchenette ( plaques de cuisson et frigo ) et une salle de bain avec 1 douche et 1 WC.
Loyer: 370 euros + 30 euros de charges ( eau + entretien des communs ). 
Fibre dans l'immeuble.
Chauffage √©lectrique: un nouvel appareil chauffage et climatisation r√©versible vient d'√™tre install√©e, syst√®me √©conome.
Disponible de suite.
Profil recherch√©: √©tudiant (e) avec parents garants. Merci de r√©pondre √† l'offre en pr√©cisant votre √¢ge, votre situation et vos garants.",400,Appartement,2,18,1,c,d,Non,5,5,30,370,Alsace,Bas-Rhin,Strasbourg,67000,48.5887,7.74576,G√©raldine MEYER,Non,,oui,,,oui,5.0,4.0,3.0,2.0,1.0,0.0,,,,,,,,,,,,,,,,,,,,,,,,,,,,,,,,,,,,,,,,,,,,,,,,
7,https://www.leboncoin.fr/ad/locations/2707397829,Studio meubl√© 25m2,2024-05-21 09:14:19,"Studio 1 pi√®ce 25 m¬≤ Libre imm√©diatement 
 Pi√®ce √† vivre tr√®s lumineuse donnant sur une cuisine s√©par√©e, am√©nag√©e et √©quip√©e. Une salle de bain s√©par√©e avec un WC compl√®te ce bien.  Surface : 25 m¬≤ Loyer : 450‚Ç¨ / mois (charges comprises)",450,Appartement,1,25,1,b,e,Oui,2,Not Available,Not Available,450,Alsace,Bas-Rhin,Strasbourg,67000,48.58504,7.73642,Vony,Non,,Oui,,,Oui,6.0,5.0,4.0,3.0,2.0,1.0,0.0,,,,,,,,,,,,,,,,,,,,,,,,,,,,,,,,,,,,,,,,,,,,,,,
8,https://www.leboncoin.fr/ad/locations/2680422584,Particulier loue Strasbourg Centre beau deux pi√®ces r√©nov√©,2024-05-04 12:30:54,"Beau deux pi√®ces r√©nov√© avec parquet. Surface au sol 42 m¬≤
Cuisine √©quip√©e ouverte sur s√©jour, 1 chambre avec grand placard, salle d'eau et WC s√©par√©.
Chauffage collectif au gaz. Cave priv√©e et local √† v√©los dans l'immeuble.
Il se situe au 4√®me et dernier √©tage dans une rue calme √† proximit√© du tribunal.
A deux pas du centre ville et du Tram Halles et  Broglie.
Libre au 1er juin 2024
Loyer 710 ‚Ç¨ + 80 ‚Ç¨ d'avances charges chauffage compris.
montant estim√© des d√©penses annuelles d'√©nergies pour un usage standard : 500 ‚Ç¨ par an.",790,Appartement,2,36,2,d,e,Non,Not Available,Not Available,80,710,Alsace,Bas-Rhin,Strasbourg,67000,48.5886,7.74687,GILLES,Non,,,,,,7.0,6.0,5.0,4.0,3.0,2.0,1.0,0.0,,,,,,,,,,,,,,,,,,,,,,,,,,,,,,,,,,,,,,,,,,,,,,
9,https://www.leboncoin.fr/ad/locations/2708384018,Appartement 5 pi√®ces,2024-05-21 15:12:23,"De particulier √† particulier.
 IDEAL COLOCATION/FAMILLE

STRASBOURG, rue de Berne au c≈ìur de la Krutenau, dans un bel immeuble au 6√®me √©tage avec ascenseur.
Avantages : Proche du Campus Universitaire , √† quelques pas de la place d‚ÄôAusterlitz et de l‚Äôarr√™t de tram porte de L'h√¥pital.

Appartement d‚Äôenviron 100m2 avec une pi√®ce de vie, une cuisine √©quip√©e, un balcon, 2 Salles de d'eau , et 4 chambres .
De belles prestations accompagne ce bel appartement refais √† neuf (premi√®re occupation).
Il est √©quip√© d'une climatisation r√©versible sur toutes les surfaces , tr√®s lumineux et compl√®tement traversant 

Le bien peut √™tre lou√© meubl√© ou non.

Appartement disponible de suite o√π √† convenir

Loyer : 2100+60 euros de charges .
Dossier + garant(s) exig√©(s) 

√âligible aux APL",2160,Appartement,1,100,5,Not Available,Not Available,Oui,6,6,Not Available,Not Available,Alsace,Bas-Rhin,Strasbourg,67000,48.58504,7.73642,Lola OTT,Non,,oui,,,oui,8.0,7.0,6.0,5.0,4.0,3.0,2.0,1.0,0.0,,,,,,,,,,,,,,,,,,,,,,,,,,,,,,,,,,,,,,,,,,,,,
10,https://www.leboncoin.fr/ad/locations/2708414975,Beau studio meubl√© centre Strasbourg,2024-05-21 15:31:55,"Particulier loue coquet studio situ√© au centre-ville au carrefour du centre historique, 3 rue du 22 Novembre, √† proximit√© des facult√©s et du Tram.
Ce studio de 18m¬≤, lumineux et agr√©able, se situe au 4em √©tage avec ascenseur. Acc√®s s√©curis√© avec interphone id√©al pour √©tudiant.
Il est compos√©:
- d'une salle de bain avec douche, WC .
- d'une pi√®ce principale avec un canap√© lit (vrai matelas), un bureau, une biblioth√®que et une table basse.
Le coin cuisine est compos√© d‚Äôun frigo, d‚Äôune plaque de cuisson, d‚Äôun micro-onde.
Libre au 1er juin.
Studio pour √©tudiant avec caution des parents.",520,Appartement,1,18,1,d,d,Oui,4,5,120,500,Alsace,Bas-Rhin,Strasbourg,67000,48.58294,7.74134,Dominique,Non,,oui,centre,,oui,9.0,8.0,7.0,6.0,5.0,4.0,3.0,2.0,1.0,0.0,,,,,,,,,,,,,,,,,,,,,,,,,,,,,,,,,,,,,,,,,,,,
11,https://www.leboncoin.fr/ad/locations/2708333949,Location d un Appartement chaleureux sn‚Äôp :locappart67,2024-05-21 14:46:50,"Je vous mets √† disposition un chalet Appartement, tout √©quip√© √† ne plus jardin terrasse piscine toutes les commandes √©taient n√©cessaires sn‚Äôp : locappart67",70,Appartement,1,79,3,a,a,Not Available,Not Available,Not Available,1,1,Alsace,Bas-Rhin,Strasbourg,67000,48.58455,7.7363,tapis 1,Non,,oui,,Non,oui,10.0,9.0,8.0,7.0,6.0,5.0,4.0,3.0,2.0,1.0,0.0,,,,,,,,,,,,,,,,,,,,,,,,,,,,,,,,,,,,,,,,,,,
12,https://www.leboncoin.fr/ad/locations/2707769313,Loue studio 26 m2,2024-05-21 08:43:17,"Loue studio Strasbourg, route de Schirmeck, libre 01.06.2024, 26 m2, cuisine √©quip√©e, balcon, salle de bain avec lavabo, wc et douche √† l'italienne, proche de toutes commodit√©s, r√©sidence s√©curis√©e avec gardien, laverie, local √† v√©lo, salle commune. Loyer 365 ‚Ç¨ + 100 ‚Ç¨ de charges tout compris. Appartement r√©cent, tr√®s pris√©, loyer mod√©r√© ( Pinel ), le mobilier reste dans le studio, bail uniquement avec garant, id√©al √©tudiant, visite apr√®s r√©ception des dossiers complets. Premier contact par mail.",465,Appartement,2,26,1,b,c,Oui,4,4,100,365,Alsace,Bas-Rhin,Strasbourg,67200,48.56852,7.70985,phil,Non,,oui,,,oui,11.0,10.0,9.0,8.0,7.0,6.0,5.0,4.0,3.0,2.0,1.0,0.0,,,,,,,,,,,,,,,,,,,,,,,,,,,,,,,,,,,,,,,,,,
13,https://www.leboncoin.fr/ad/locations/2707177926,F1 Clemenceau,2024-05-20 19:21:14,"F1 Disponible en location...Proximit√© de toutes commodit√©s; Autoroute, tram, bus, universit√©, lyc√©e, coll√®ge, centre commerciaux, gare, centre ville...",450,Appartement,2,15,1,Not Available,Not Available,Non,6,6,25,425,Alsace,Bas-Rhin,Strasbourg,67000,48.59204,7.75339,Baser,Non,,oui,,,oui,12.0,11.0,10.0,9.0,8.0,7.0,6.0,5.0,4.0,3.0,2.0,1.0,0.0,,,,,,,,,,,,,,,,,,,,,,,,,,,,,,,,,,,,,,,,,
14,https://www.leboncoin.fr/ad/locations/2708193283,2 pi√®ces meubl√©s et √©quip√©s Strasbourg Krutenau,2024-05-21 13:18:36,"Beau 2 pi√®ces enti√®rement meubl√©s et √©quip√©s situ√© dans une rue calme du quartier de la Krutenau (rue Adolphe Wurtz). Il se compose d'une cuisine s√©par√©e √©quip√©e, d'un couloir, d'une salle de bain avec baignoire, d'un s√©jour et d'une chambre s√©par√©e.
Chauffage individuel √©lectrique 
Appartement totalement meubl√©s (plaques, frigo, machine √† laver, vaisselles, lit, canap√©...)
Local v√©lo, interphone 

Loyer 700 ‚Ç¨ + 50 ‚Ç¨ de charges (eau, √©lectricit√© des communs, entretien des communs‚Ä¶)

Autres photos sur demande 

Disponible √† partir du 1 juin",750,Appartement,1,32,2,d,d,Not Available,0,3,50,1400,Alsace,Bas-Rhin,Strasbourg,67000,48.58504,7.73642,lili,Non,,,,,Non,13.0,12.0,11.0,10.0,9.0,8.0,7.0,6.0,5.0,4.0,3.0,2.0,1.0,0.0,,,,,,,,,,,,,,,,,,,,,,,,,,,,,,,,,,,,,,,,
15,https://www.leboncoin.fr/ad/locations/2707445253,Particulier loue F2/3 avec terrasse,2024-05-20 22:08:07,"Appartement mansard√© situ√© rue de la Course, √† proximit√© de la gare et de la petite France.
Appartement de 55 m¬≤ loi Carrez (99 m¬≤ au sol) au 5√®me et dernier √©tage sans ascenseur.

R√©nov√© en mars 2024.

Agencement : 1 pi√®ce de vie ouverte sur la cuisine, 1 chambre ferm√©e, 1 mezzanine (possibilit√© d'y mettre un second lit), 1 salle de bains, 1 WC s√©par√©, 1 terrasse

Cuisine √©quip√©e : four, plaques, hotte, r√©frig√©rateur (pas de lave vaisselle)
SDB : machine √† laver
Chauffage : √©lectrique par convection

Conditions de location :

- Disponibilit√© : imm√©diate
- Bail d'un an renouvelable
- Loyer et charges : 900 ‚Ç¨ de loyer + 85 ‚Ç¨ de provision pour charges (charges de copropri√©t√© + eau froide)",985,Appartement,1,55,2,e,b,Non,5,5,85,900,Alsace,Bas-Rhin,Strasbourg,67000,48.58312,7.73701,davidk,Non,,oui,,,oui,14.0,13.0,12.0,11.0,10.0,9.0,8.0,7.0,6.0,5.0,4.0,3.0,2.0,1.0,0.0,,,,,,,,,,,,,,,,,,,,,,,,,,,,,,,,,,,,,,,
16,https://www.leboncoin.fr/ad/locations/2708299903,Petit studio √©quip√© et meubl√© - hypercentre,2024-05-21 14:25:04,"Particulier loue petit studio de 13m¬≤, meubl√© et √©quip√©.

Situ√© rue des tonneliers, en plein centre-ville, dans un immeuble typique, il est proche de
toutes les commodit√©s. Compter 5-10 min de v√©lo pour le campus de l'esplanade, 3 min √† pied de la station Langstross Grand Rue (tram A) ou 5 min de la place de l‚Äôhomme de fer (toutes les lignes). Deuxi√®me √©tage, lumineux, sur cour, au calme.

Bon √©tat g√©n√©ral.

Couchage lit une place, placard, petite kitchenette avec deux plaques, frigo, four micro-ondes + grill, √©vier, table pliable, √©tag√®res.

WC + salle de bain avec douche.

Personne calme et s√©rieuse uniquement. Caution solidaire appr√©ci√©e, d√©p√¥t de garantie deux mois de loyer.

Bail meubl√© d'un an renouvelable, loyer 420 ‚Ç¨ + 40‚Ç¨ de charges. 

Electricit√© et TH √† la charge du locataire.

Si vous avez des questions, n'h√©sitez pas !

Visites le 22 ou 25/05, libre de suite.",460,Appartement,1,13,1,e,e,Non,2,4,Not Available,Not Available,Alsace,Bas-Rhin,Strasbourg,67000,48.58024,7.74906,clg,Non,,,,,,15.0,14.0,13.0,12.0,11.0,10.0,9.0,8.0,7.0,6.0,5.0,4.0,3.0,2.0,1.0,0.0,,,,,,,,,,,,,,,,,,,,,,,,,,,,,,,,,,,,,,
17,https://www.leboncoin.fr/ad/locations/2708953964,Joli F2 meubl√© dans quartier Robertsau,2024-05-21 20:37:02,"Joli F2 meubl√© pour 1 ou 2 personnes (id√©al salari√©(-√©e) hors p√©riode d'essai, √©tudiant(-e) avec garants‚Ä¶), comprenant un beau balcon, cave et garage. 40 m2, tr√®s bon √©tat, dans jolie r√©sidence de 3 √©tages sans ascenseur, comprenant : 1 cuisine, 1 chambre, 1 salon donnant sur le grand balcon, 1 salle de bains avec baignoire.
Equipements suppl√©mentaires inclus : TV √©cran plat, lave-linge, lecteur DVD, canap√©, armoires/penderie, parasol, table et chaises neuves sur le balcon, v√©lo, frigo et cong√©lateur, plaques cuisson vitroc√©ramique, micro-ondes faisant √©galement four. La totalit√© des radiateurs √©lectriques fut chang√©e r√©cemment (chauffage individuel).
Lieu : rue de la Largue √† Strasbourg (Robertsau) √† env 15 mn du centre-ville. Commerces, parc et transports en commun √† proximit√© (ex : bus n¬∞6 au bout de la rue ‚Äì tram B etc.). Lieu calme.
Pas d‚Äôinterm√©diaire (agence immobili√®re ou autre).
Libre depuis peu.
Recherchons personne s√©rieuse, solvable, et calme. Merci.
Classe √©nergie : F (logement √† consommation √©nerg√©tique excessive). Montant estim√© des d√©penses annuelles d‚Äô√©nergie pour un usage standard : 688 ‚Ç¨ (abonnement compris). DPE non encore refait suite au changement des radiateurs. Prix moyen des √©nergies index√© sur l‚Äôann√©e 2011.
Zone soumise √† encadrement des loyers. Loyer de base : 667‚Ç¨. Loyer de r√©f√©rence major√© (loyer de base √† ne pas d√©passer) : 667‚Ç¨.
Les informations sur les risques auxquels ce bien est expos√© sont disponibles sur le site G√©orisques : www.georisques.gouv.fr",725,Appartement,1,40,2,Not Available,Not Available,Not Available,Not Available,Not Available,Not Available,667,Alsace,Bas-Rhin,Strasbourg,67000,48.61298,7.7771,Cendyrock,Non,1.0,,,,,16.0,15.0,14.0,13.0,12.0,11.0,10.0,9.0,8.0,7.0,6.0,5.0,4.0,3.0,2.0,1.0,0.0,,,,,,,,,,,,,,,,,,,,,,,,,,,,,,,,,,,,,
18,https://www.leboncoin.fr/ad/locations/2708797742,Lumi√®re sur St Marc,2024-05-21 19:13:15,"Loue F1Gd Studio lumineux  
Quartier Finkwiller t anim√©, ds petit immeuble b renov√© , sur rue PI√âTONNE, √† 2 pas Scieces Po, M√©decine, Gare,,s√©curis√©: couloir ferm√©, v√©los 
Chauffage √©lectrique : radiateurs neufs √† inertie,double vitrage, murs √©pais
Convient √©tudiant (e), travailleu, r, se serieux
CV detaill√© souhait√©",630,Appartement,2,35,1,d,d,Not Available,2,3,50,630,Alsace,Bas-Rhin,Strasbourg,67000,48.58504,7.73642,ChristianeBechmann,Non,,oui,Finkwill,,oui,17.0,16.0,15.0,14.0,13.0,12.0,11.0,10.0,9.0,8.0,7.0,6.0,5.0,4.0,3.0,2.0,1.0,0.0,,,,,,,,,,,,,,,,,,,,,,,,,,,,,,,,,,,,
19,https://www.leboncoin.fr/ad/locations/2709223016,Studio meubl√© Eckbolsheim,2024-05-22 08:27:18,"Studio a Eckbolsheim centre, refait √† a neuf et meubl√©.
Au 1er √©tage sur 2 dans une petite maison.
Logement tr√®s lumineux compos√© d'une pi√®ce de vie avec coin cuisine, d'une salle de bain avec douche WC et lavabo. 
Ballon d'eau chaude individuel
Radiateur √©lectrique",520,Appartement,1,19,1,e,e,Not Available,1,2,20,500,Alsace,Bas-Rhin,Eckbolsheim,67201,48.57662,7.68777,adam,Non,,oui,,,oui,18.0,17.0,16.0,15.0,14.0,13.0,12.0,11.0,10.0,9.0,8.0,7.0,6.0,5.0,4.0,3.0,2.0,1.0,0.0,,,,,,,,,,,,,,,,,,,,,,,,,,,,,,,,,,,
20,https://www.leboncoin.fr/ad/locations/2709557136,Spacieux appartement 110 m2 5 pi√®ces,2024-05-22 10:03:59,"Au centre de Bischheim, quartier Saint-Laurent, √† proximit√© des commerces, √©coles et transport en commun (ligne C3 et 70)

Particulier loue √† partir du 17 juin dans petite copropri√©t√© appartement au 1er √©tage de 110m2 : 

1 cuisine √©quip√©e (23m2)
1 vaste s√©jour (28m2)
3 chambres (16m2)
1 salle de bain avec douche type italienne et double vasque
1 terrasse en rez-de-jardin
1 cave
Chauffage individuel au gaz de ville et chemin√©e √† insert bois

Loyer : 950 euros + 70 euros de charge",1020,Appartement,2,110,5,d,d,Non,1,2,70,950,Alsace,Bas-Rhin,Bischheim,67800,48.61304,7.7512,VSK,Non,,oui,"Bischheim, quartier Saint-Laurent",,oui,19.0,18.0,17.0,16.0,15.0,14.0,13.0,12.0,11.0,10.0,9.0,8.0,7.0,6.0,5.0,4.0,3.0,2.0,1.0,0.0,,,,,,,,,,,,,,,,,,,,,,,,,,,,,,,,,,
21,https://www.leboncoin.fr/ad/locations/2708825047,F3 de 65M2 avec Loggia et Garage d√©but Schiltigheim,2024-05-21 19:15:15,"Appartement F3 situ√© √† SCHILTIGHEIM tout proche de Strasbourg. L‚Äôappartement lumineux, situ√© au 2e √©tage (3 au total), avec 1 balcon vitr√© (loggia), en annexe 1 box ferm√© et 1 cave au rez-de-chauss√©e, copropri√©t√© r√©cente, disponible √† partir de d√©but ou mi juin (ou √† convenir avec le locataire actuel). L‚Äôappartement est meubl√© (certains meubles non pr√©sents sur les photos mais sera √©quip√© √† neuf avant la location), comprenant :

une entr√©e avec 2 placards
un salon de 21 m2 avec acc√®s au balcon vitr√© orient√© sud-ouest (1 grand canap√©, 2 fauteuils, 2 tables basses, 1 meuble TV, 1 table √† manger, 4 chaises, 2 √©tag√®res, 1 grande horloge murale, 1 luminaire‚Ä¶)
deux chambres de 10,2 m2 et 10,4 m2, chacune avec grandes baies vitr√©es (dans chaque chambre : 1 lit double 140 x 200 + 1 matelas, 1 dressing √©quip√© avec rideau, 1 commode 3 tiroirs, luminaires‚Ä¶)
une cuisine toute √©quip√©e de 8 m2 (plaque de cuisson vitroc√©ramique 4 feux, four, hotte, machine √† laver, frigo, rangements, et emplacement pour lave-vaisselle‚Ä¶)
une salle de bain √©quip√©e avec baignoire (et des meubles de rangements)
un WC s√©par√©
un garage
une cave

Chauffage individuel √©lectrique √† inertie (basse consommation avec r√©glage de temp√©rature). Double vitrage, interphone, fibre optique, l‚Äôappartement est traversant Est ‚Äì Ouest.

Appartement situ√© √† l‚Äôentr√©e de SCHILTIGHEIM (proche Strasbourg), 32 Route du G√©n√©ral de Gaulle Schiltigheim, arr√™t bus (ligne C9) au pied de l‚Äôimmeuble, arr√™t bus (ligne C3) √† 500 m√®tres. 
Proximit√© : √©cole, boulangerie, restaurant, pharmacie, petits commerces, parc‚Ä¶
CENTRE VILLE STRASBOURG 5min en bus.

Loyer : 910 ‚Ç¨ Charges comprises (dont 60 ‚Ç¨ de charges), garage inclus dans le loyer, pas de frais d‚Äôagence.
(Charges inclus : l‚Äôeau, frais li√©s aux communs‚Ä¶)
APL possible.

1er contact par SMS ou messagerie boncoin svp. (Merci de faire une simple pr√©sentation : profession, type de contrat, revenus, nombre de personnes et d'animaux √† emm√©nager, date d‚Äôemm√©nagement souhait√©e, ‚Ä¶). 
Id√©al pour : colocation ou famille, CDI ou √©tudiant, avec garant familial si possible, Visale accept√©.
Agence s‚Äôabstenir s.v.p",910,Appartement,1,65,3,e,c,Non,2,3,Not Available,Not Available,Alsace,Bas-Rhin,Strasbourg,67000,48.58504,7.73642,Lin,Non,,oui,SCHILTIGHEIM,,oui,20.0,19.0,18.0,17.0,16.0,15.0,14.0,13.0,12.0,11.0,10.0,9.0,8.0,7.0,6.0,5.0,4.0,3.0,2.0,1.0,0.0,,,,,,,,,,,,,,,,,,,,,,,,,,,,,,,,,
22,https://www.leboncoin.fr/ad/locations/2708568165,Appartement 3 pi√®ces 62m2,2024-05-21 16:57:33,"Particulier loue appartement lumineux avec un balcon situ√© au premier √©tage avec ascenseur et  un garage en sous sol. Il est disponible de suite. B√¢timent construit en 2013 aux normes BBC, rue du g√©n√©ral de Gaulle √† Schiltigheim.",890,Appartement,2,62,3,b,c,Oui,1,3,110,890,Alsace,Bas-Rhin,Schiltigheim,67300,48.6003,7.73929,Chris,non,,oui,,non,oui,21.0,20.0,19.0,18.0,17.0,16.0,15.0,14.0,13.0,12.0,11.0,10.0,9.0,8.0,7.0,6.0,5.0,4.0,3.0,2.0,1.0,0.0,,,,,,,,,,,,,,,,,,,,,,,,,,,,,,,,
23,https://www.leboncoin.fr/ad/locations/2708524315,Opportunit√© location,2024-05-21 16:33:41,"id√©al pour petite famille ou retrait√©st

particulier loue appart F3/F4 situ√© id√©alement Lingolsheim centre au 2√® √©tage sur 4  rue du mar√©chal Foch proche √©glise  dans une copropri√©t√© de deux immeubles datant  1974 de standing 
secteur calme avec espace verts en retrait de la route principale et arr√™t de bus √† proximit√©
avec garage privatif, deux balcons situ√©s c√¥t√© sud ouest,ascenseur, interphone, garage √† v√©los commun, parking collectif
appartement refait √† neuf   
acc√®s fibre optique et √©lectricit√© mise aux normes actuelles r√©alis√© en 08-2022
un salon /s√©jour de 23 m2 avec acc√®s aux balcons, et deux chambres dont chambre 1 c√¥t√© parking int√©rieur de 12m2avec mobilier de rangement int√©gr√©  en bois brun , une chambre de 13m2 avec acc√®s balcon et volet roulant √©lectrique, 1 salle de bain avec douche, 1 vasque,2 colonnes de rangement et un radiateur s√®che serviette 
une cuisine de 12m2 √©quip√©e avec lave -vaisselle, four int√©gr√©, plaque vitroc√©ramique et une loggia ferm√©e de 2,18m2 avec un frigo
une entr√©e avec un dressing , un d√©gagement, WC s√©par√© avec lave main
1 porte cuisine et WC en m√©lamine blanc, une double porte vitr√©e pour salon/s√©jour (2018)
Chauffage et eau chaude sanitaire au fuel
loyer 750‚Ç¨ et forfait charges de 180‚Ç¨ (nettoyage communs, entretien courant et ascenseur, eau chaude et eau froide, taxe ordures m√©nag√®res-) 
d√©p√¥t caution 750‚Ç¨

DPE : 215 KWh/an  classe E
GES =66 groupe E   r√©alis√© le 5/10/2022
Disponible imm√©diatement 
contact par mail ou t√©l√©phone",930,Appartement,2,80,3,e,e,Oui,2,4,180,750,Alsace,Bas-Rhin,Lingolsheim,67380,48.55788,7.68231,SIDERITE,Non,,oui,,,oui,22.0,21.0,20.0,19.0,18.0,17.0,16.0,15.0,14.0,13.0,12.0,11.0,10.0,9.0,8.0,7.0,6.0,5.0,4.0,3.0,2.0,1.0,0.0,,,,,,,,,,,,,,,,,,,,,,,,,,,,,,,
24,https://www.leboncoin.fr/ad/locations/2708906729,Appartement 3 pi√®ces 69 m¬≤,2024-05-21 21:07:42,"QUARTIER LES HALLES - proche Gare
Appartement F3 de 69 m¬≤ enti√®rement meubl√©, situ√© au 6√®me √©tage avec ascenseur d'une copropri√©t√© r√©sidentielle.
Situ√© au calme tout en √©tant proche de toutes les commodit√©s. 

Composition : 
- une entr√©e spacieuse
- une cuisine neuve enti√®rement √©quip√©e avec appareils √©lectrom√©nagers de qualit√© : combin√© r√©frig√©rateur-cong√©lateur, lave-linge, four √©lectrique, plaque induction, vaisselle, table, chaises
- Salon compos√© d'un espace convivial avec canap√© convertible, meuble et TV
- 1√®re chambre avec 1 lit 2 places (160/200m), une grande armoire / penderie
- 2√®me chambre avec 1 lit 2places (160/200m), une armoire / penderie
- Salle de bain meubl√©e neuve sur mesure de qualit√©, chauffe-eau, radiateur, douche √† l‚Äôitalienne, WC suspendu

Disponible le 15 juin 2024.

Surface : 69 m¬≤

Loyer : 1250‚Ç¨ / mois (charges comprises)
Charges : 150‚Ç¨/mois - forfait (Les charges comprennent l'eau froide, le chauffage collectif au gaz, l'entretien des parties communes, l'√©lectricit√© des parties communes)
Caution : 2500‚Ç¨ - 2 mois de loyer

Date de r√©alisation du diagnostic √©nerg√©tique : 28/08/2023

Il n'y a pas de frais d'agence.
Un √©tat complet des lieux d'entr√©e et de sortie seront √©tablis.

PREMIER CONTACT PAR MESSAGERIE UNIQUEMENT, r√©ponse rapide. Lors de notre premier contact par messagerie, merci de vous pr√©senter, notamment vos √©tudes ou votre profession √©ventuelle, ainsi que vos garants, et d‚Äôindiquer √©galement s‚Äôil s‚Äôagit d‚Äôune colocation.

Les documents demand√©s sont : Photocopie recto/verso carte d‚Äôidentit√© du locataire et des garants, copie dernier avis d‚Äôimposition, copie des 3 derni√®res fiches de salaire locataire + garants, ch√®que d√©p√¥t de garantie. Les autres documents seront pr√©cis√©s ult√©rieurement.",1250,Appartement,1,69,3,e,e,Oui,6,6,150,2500,Alsace,Bas-Rhin,Strasbourg,67000,48.5881,7.7413,SANDRA,Non,,,Les Halles,,Oui,23.0,22.0,21.0,20.0,19.0,18.0,17.0,16.0,15.0,14.0,13.0,12.0,11.0,10.0,9.0,8.0,7.0,6.0,5.0,4.0,3.0,2.0,1.0,0.0,,,,,,,,,,,,,,,,,,,,,,,,,,,,,,
25,https://www.leboncoin.fr/ad/locations/2707300632,Beau T2 meubl√© 47 m2,2024-05-20 20:58:27,"Particulier loue appartement meubl√© 2 pi√®ces enti√®rement √©quip√© de 47m2, situ√© au 1er √©tage avec ascenseur dans un quartier calme.
L'appartement comprend :
- un grand salon lumineux,
- une cuisine √©quip√©e (plaque, frigo, micro-onde et beaucoup de rangement,
- une chambre (lit 140x190 avec un grand placard),
- une salle de bains( machine √† laver) et un WC s√©par√©,
- un grand balcon 12 m¬≤.

L'appartement est bien situ√© proches des commerces: LIDL, Leroy Merlin, Auchan...

Libre 15/06/2024
Loyer 630 ‚Ç¨ /mois + 120 ‚Ç¨ charges  (chauffage & eau chaude inclus).
D√©p√¥t de garantie : 1260 ‚Ç¨",750,Appartement,1,47,2,d,d,Oui,1,3,120,1260,Alsace,Bas-Rhin,Strasbourg,67200,48.58799,7.69448,Fabiola,Non,,oui,,,oui,24.0,23.0,22.0,21.0,20.0,19.0,18.0,17.0,16.0,15.0,14.0,13.0,12.0,11.0,10.0,9.0,8.0,7.0,6.0,5.0,4.0,3.0,2.0,1.0,0.0,,,,,,,,,,,,,,,,,,,,,,,,,,,,,
26,https://www.leboncoin.fr/ad/locations/2709154619,Studio Place Golbery,2024-05-21 23:19:45,"Particuler loue joli studio de 19 m2 dans tr√®s beau quartier de Strasbourg.
Place Golbery 
A proximit√© des facs de la rue de la For√©t noire.
Appartement au troisi√®me √©tage sans ascenseur, calme, lumineux, d√©gag√©.
Quartier tr√®s tranquille et s√©curis√©.
Libre le 10 Juin 2024
Loyer 520:
Charges 30‚Ç¨",550,Appartement,2,19,1,c,c,Non,3,4,30,520,Alsace,Bas-Rhin,Strasbourg,67000,48.58714,7.76576,Rapha√´l,Non,,oui,,,oui,25.0,24.0,23.0,22.0,21.0,20.0,19.0,18.0,17.0,16.0,15.0,14.0,13.0,12.0,11.0,10.0,9.0,8.0,7.0,6.0,5.0,4.0,3.0,2.0,1.0,0.0,,,,,,,,,,,,,,,,,,,,,,,,,,,,
27,https://www.leboncoin.fr/ad/locations/2709389663,T3 meubl√© Haut de gamme - Place Kl√©ber,2024-05-22 07:44:46,"Vous ne pourrez que tomber sous le charme de ce magnifique appartement 3 pi√®ces r√©nov√© par un architecte d'int√©rieur.
Il est situ√© en plein centre historique de Strasbourg, sur la Place Kl√©ber, avec une vue d√©gag√©e sur la Cath√©drale.
Tout le Centre ville est accessible √† pied, la Petite France et ses rues pittoresques sont au bout de la rue.
Le tram est √† 50 m√®tres et vous permet de rejoindre rapidement la Gare, les institutions Europ√©ennes et le Parlement Europ√©en. 

L'appartement dispose d'une belle pi√®ce de vie avec une cuisine ouverte, 2 chambres avec rangement, une salle de bain et un WC s√©par√©.
Il est meubl√© avec du mobilier haut de gamme, et tout l'√©quipement n√©cessaire (t√©l√©vision √©cran plat, lave-vaisselle, lave linge, plaque induction, hotte, r√©frig√©rateur cong√©lateur, four)

L'appartement est id√©al pour tout locataire souhaitant vivre au mieux son s√©jour avec une des plus belles vues de Strasbourg. 

Loyer: 1450‚Ç¨ soit 1300‚Ç¨ +150‚Ç¨ de charges
Les charges comprennent l‚Äôeau froide, le chauffage, l‚Äô√©lectricit√© des parties communes, la taxe d‚Äôenl√®vement des ordures m√©nag√®res et internet. 

Location au mois possible. 

[Si vous √™tes int√©ress√©, merci d‚Äôindiquer :
* vos coordonn√©es (nom,pr√©nom,t√©l√©phone)
* votre activit√© professionnelle
* date d'entr√©e souhait√©e et dur√©e de location (dur√©e d√©termin√©e ou ind√©termin√©e)] 

Pas s√©rieux et agences s‚Äôabstenir.",1450,Appartement,1,60,3,d,e,Not Available,Not Available,Not Available,Not Available,Not Available,Alsace,Bas-Rhin,Strasbourg,67000,48.58504,7.73642,Pierre,Non,,oui,,,oui,26.0,25.0,24.0,23.0,22.0,21.0,20.0,19.0,18.0,17.0,16.0,15.0,14.0,13.0,12.0,11.0,10.0,9.0,8.0,7.0,6.0,5.0,4.0,3.0,2.0,1.0,0.0,,,,,,,,,,,,,,,,,,,,,,,,,,,
28,https://www.leboncoin.fr/ad/locations/2708420057,Location 2P de particulier √† partuculier,2024-05-21 15:35:59,"Appartement √† Strasbourg, disponible de suite
location de particulier √† particulier (pas de frais d'agence)

2 pi√®ces (38m2) au 1er √©tage + 1 cave (10m2) + jardins privatifs (120m2) (avec une remise de 10m2)

1 s√©jour (sur rue), 1 chambre (sur jardins), cuisine √©quip√©e ( frigo, plaques + hotte + √©l√©ments de rangement )
salle de bain (avec une fen√™tre) douche, WC

jardin privatif de 2x60m2 + une remise de 10m2
(on peut y garer un v√©lo ou un scooter d'un c√¥t√© + mat√©riel de jardin de 
l'autre c√¥t√©, id√©al pour jardinage et barbecue)
L'entretien du jardin est √† la charge du locataire (√† payer si ce n'est pas fait)

chauffage et eau chaude par chaudi√®re individuelle au gaz (chaudi√®re presque neuve)
sols : parquet dans les chambres et s√©jour, carrelage dans la cuisine et sdb
fen√™tres neuves PVC double vitrage c√¥t√© rue

Ravalement r√©cent avec isolation des fa√ßades expos√©es nord et nord-est

loyer : 520‚Ç¨
avance sur charges 30‚Ç¨ (comprenant avance sur eau froide (r√©gularis√© chaque ann√©e selon consommation r√©elle), poubelles, entretien chaudiere)
(il faudra justifier d'un revenu r√©gulier 3x sup√©rieur au loyer+charges)

Environnement:
Route de schirmeck √† Strasbourg (√† 10mn de la gare ...)
ligne de bus 15, 2 et 13 arr√™t nid de cigogne au pied de l'immeuble 
arr√™ts  du tram √† 500m ligne B et F, arr√™t montagne verte

Merci de pr√©ciser dans votre contact:
- votre nom et num√©ro de t√©l√©phone/mail
- votre situation professionelle
- combien de personnes vont occuper l'appartement

Mesdames et messieurs les agents immobiliers, merci de ne pas me contacter.",550,Appartement,2,38,2,d,d,Non,1,2,30,550,Alsace,Bas-Rhin,Strasbourg,67000,48.58504,7.73642,Alex,Non,,oui,Strasbourg,,Non,27.0,26.0,25.0,24.0,23.0,22.0,21.0,20.0,19.0,18.0,17.0,16.0,15.0,14.0,13.0,12.0,11.0,10.0,9.0,8.0,7.0,6.0,5.0,4.0,3.0,2.0,1.0,0.0,,,,,,,,,,,,,,,,,,,,,,,,,,
29,https://www.leboncoin.fr/ad/locations/2709469388,2pi√®ces location,2024-05-22 09:01:40,"Centre de Strasbourg √† cot√© de la place des Halles √† louer joli 2pi√®ces meubl√© en tr√®s bon √©tat . 
Loyer mensuel 950+80 charges forfaitaire.",1030,Appartement,1,56,2,c,a,Non,0,3,80,1900,Alsace,Bas-Rhin,Strasbourg,67000,48.58665,7.74343,louislux08,Non,,oui,Centre de Strasbourg,,oui,28.0,27.0,26.0,25.0,24.0,23.0,22.0,21.0,20.0,19.0,18.0,17.0,16.0,15.0,14.0,13.0,12.0,11.0,10.0,9.0,8.0,7.0,6.0,5.0,4.0,3.0,2.0,1.0,0.0,,,,,,,,,,,,,,,,,,,,,,,,,
30,https://www.leboncoin.fr/ad/locations/2708674124,Loue beau 2 pi√®ces,2024-05-21 17:53:57,"Loue BEAU 2 pi√®ces √† STRASBOURG KOENIGSHOFFEN 46m2, 3√®me √©tage, kitchinette √©quip√©e, salle de bain carrel√©e, wc s√©par√©, balcon 6 m2, cave, parking, ascenseur, chauffage individuel √©lectrique √† inertie (bain d'huile) proximit√© bus et commerces, appartement situ√© sur l'arri√®re cot√© jardin. Me contacter apr√®s 18h. Loyer 565 euros charges comprises, Libre de suite.",565,Appartement,2,46,2,e,c,Oui,3,Not Available,65,500,Alsace,Bas-Rhin,Strasbourg,67200,48.58825,7.71004,roby,Non,,,Koenigshoffen,,Non,29.0,28.0,27.0,26.0,25.0,24.0,23.0,22.0,21.0,20.0,19.0,18.0,17.0,16.0,15.0,14.0,13.0,12.0,11.0,10.0,9.0,8.0,7.0,6.0,5.0,4.0,3.0,2.0,1.0,0.0,,,,,,,,,,,,,,,,,,,,,,,,
31,https://www.leboncoin.fr/ad/locations/2708406157,2 pi√®ces/ T2,2024-05-21 15:25:51,"De particulier √† particulier.

STRASBOURG, rue de Berne au c≈ìur de la Krutenau, dans un bel immeuble au 6√®me √©tage avec ascenseur.
Avantages : Proche du Campus Universitaire , √† quelques pas de la place d‚ÄôAusterlitz et de l‚Äôarr√™t de tram porte de L'h√¥pital.

Appartement d‚Äôenviron 55m2 avec une pi√®ce de vie, une cuisine √©quip√©e,  1 Salle de d'eau et 1 chambre.
Appartement dot√© de plusieurs prestations comme une climatisation r√©versible sur toute les surfaces , tr√®s lumineux et spacieux.

Le bien peut √™tre lou√© meubl√© ou non meubl√© 

Appartement disponible de suite o√π √† convenir

Loyer : 1090+50 euros de charges 
Dossier + garant(s) exig√©(s) 

√âligible aux APL",1190,Appartement,2,55,2,Not Available,Not Available,Oui,6,6,Not Available,Not Available,Alsace,Bas-Rhin,Strasbourg,67000,48.58504,7.73642,Lola OTT,Non,,oui,,,oui,30.0,29.0,28.0,27.0,26.0,25.0,24.0,23.0,22.0,21.0,20.0,19.0,18.0,17.0,16.0,15.0,14.0,13.0,12.0,11.0,10.0,9.0,8.0,7.0,6.0,5.0,4.0,3.0,2.0,1.0,0.0,,,,,,,,,,,,,,,,,,,,,,,
32,https://www.leboncoin.fr/ad/locations/2479311185,2 p duplex Cath√©drale dispo 1er juin,2024-05-21 19:28:26,"Lumineux 2 p duplex, au 2eme √©tage place de la Cath√©drale, vue d√©gag√©e sur la Cath√©drale
r√©nov√© en 2022 tout √©quip√© et meubl√©, √©quipement neuf. 
Appartement class√© 3 √©toiles par l‚ÄôADT et par Gites de France donc contr√¥l√©.
Plus de photos sous Cosy Cath√©drale sur air bb ou gites de France 
Location 995‚Ç¨/mois TOUTES charges comprises: eau, √©lectricit√©, chauffage, assurance, wifi, taxes ordures m√©nag√®res, draps, serviettes de toilette.
Possibilit√© courte dur√©e dur√©e 595‚Ç¨/semaine
D√©p√¥t de garantie 300‚Ç¨.",995,Appartement,1,36,2,d,c,Non,2,3,Not Available,300,Alsace,Bas-Rhin,Strasbourg,67000,48.58197,7.75018,martine,Non,,oui,,,oui,31.0,30.0,29.0,28.0,27.0,26.0,25.0,24.0,23.0,22.0,21.0,20.0,19.0,18.0,17.0,16.0,15.0,14.0,13.0,12.0,11.0,10.0,9.0,8.0,7.0,6.0,5.0,4.0,3.0,2.0,1.0,0.0,,,,,,,,,,,,,,,,,,,,,,
33,https://www.leboncoin.fr/ad/locations/2666329703,Location Appart 3 Pi√®ces Strasbourg Meinau,2024-04-26 17:08:02,"A Strasbourg Meinau. Clos des Vanneaux.
Libre au 1ER JUIN 2024.
Tram : √† 8 min de la station Krimmeri (ligne A) et √† 10 min de la station Gravi√®re (ligne C).
A louer appartement 3 pi√®ces  68 m2 (salon, 1 chambre, 1 bureau) avec 3 balcons de 19 m2 au total,  au 2 e  √©tage avec ascenseur.
Dans l‚Äôimmeuble : Cave et garage  √©quip√© pour voiture √©lect.  
Dans l‚Äôappart :  connexion fibre pr√©sente.
Immeuble r√©cent (3 √©tages) haute isolation, chauffage par PAC eau-eau ;  situ√© au calme pr√®s d‚Äôune zone bois√©e : au clos des Vanneaux,  √† Strasbourg.  
Cuisine √©quip√©e, placards.  Loyer mensuel : 745. Et  175 avances sur charges. 
Donc 920. ‚Ç¨ par mois avec charge.
Les charges comprennent tout (chauffage, eau, etc.), sauf l‚Äô√©lectricit√©.
Classe √©nergie : D,  √©mission GES : A",920,Appartement,2,68,3,d,a,Oui,2,3,175,745,Alsace,Bas-Rhin,Strasbourg,67100,48.55598,7.7587,PM,Non,,oui,Meinau,,oui,32.0,31.0,30.0,29.0,28.0,27.0,26.0,25.0,24.0,23.0,22.0,21.0,20.0,19.0,18.0,17.0,16.0,15.0,14.0,13.0,12.0,11.0,10.0,9.0,8.0,7.0,6.0,5.0,4.0,3.0,2.0,1.0,0.0,,,,,,,,,,,,,,,,,,,,,
34,https://www.leboncoin.fr/ad/locations/2709066474,Chambre meubl√©e r√©nov√©e √† l'Esplanade,2024-05-21 21:59:07,"Bonjour je mets en location une grande chambre de 12m2 dans un appartement de 70 m¬≤ id√©alement situ√© rue d‚ÄôUpsal, √† Strasbourg. L'appartement a √©t√© refait √† neuf. Chambre toute √©quip√©e avec bureau, armoire, rangements, commode. Lit double Emma neuf. Magnifique vue d√©gag√©e sur le port de Strasbourg et la for√™t noire allemande. Appartement partag√© avec 3 √©tudiants studieux, comportant une pi√®ce de vie am√©nag√©e, une cuisine, une salle de bain, un WC et une terrasse donnant sur la for√™t noire allemande. La cuisine est tout √©quip√©e avec lave linge/s√®che linge. Le bien est situ√© au dernier √©tage, il n'y a pas de bruit de voisins et vous disposez d'une vue d√©gag√©e dans chaque chambre. L'appartement est √©quip√© de la fibre. Le bien est situ√© au dernier √©tage, dans une copropri√©t√© tranquille √† 2 pas de l‚Äôuniversit√© en plein centre du quartier Esplanade. Loyer de 550‚Ç¨ avec 80‚Ç¨ de provisions de charges en sus comprenant eau, √©lectricit√©, chauffage et internet.
Bail individuel ouvrant le droit aux APL. Possibilit√© de location sur 2 mois, jusqu‚Äô√† fin ao√ªt ou pour l'ann√©e scolaire de septembre.
N‚Äôh√©sitez pas √† me contacter pour plus d‚Äôinformations.",550,Appartement,1,70,1,c,d,Oui,15,15,Not Available,Not Available,Alsace,Bas-Rhin,Strasbourg,67000,48.57887,7.77699,pierre,Non,,oui,,,oui,33.0,32.0,31.0,30.0,29.0,28.0,27.0,26.0,25.0,24.0,23.0,22.0,21.0,20.0,19.0,18.0,17.0,16.0,15.0,14.0,13.0,12.0,11.0,10.0,9.0,8.0,7.0,6.0,5.0,4.0,3.0,2.0,1.0,0.0,,,,,,,,,,,,,,,,,,,,
35,https://www.leboncoin.fr/ad/locations/2709494684,Studio 25.54 m¬≤ + balcon 2.5 m¬≤ sur cour,2024-05-22 09:20:27,"üè† A louer, route de Schirmeck - STRASBOURG (67)
Quartier MONTAGNE VERTE.
Studio de 25.54 m¬≤ + 2.5 m¬≤ de balcon.

Pas d'agence, contact direct avec les propri√©taires.

Loyer : 550 ‚Ç¨
Avance de charges mensuelles : 140 ‚Ç¨ - Ajuster en fonction de la consommation annuel.
Le chauffage, l'eau froide et l'eau chaude sont compris dans les charges, seul l'√©lectricit√© et internet n'est pas compris dans les charges. 

- La pi√®ce principale comprend une kitchenette avec une plaque 2 feux √† induction (neuve) une hotte (neuve) un r√©frig√©rateur, un √©vier et robinet (neuf) plusieurs rangements et donne l'acc√®s sur le balcon par une baie vitr√©e en double vitrage.
- Salle de bain avec WC, douche √† l'italienne et lavabo avec rangements.
- Une entr√©e avec rangement.
- Vue sur cours donc tr√®s calme.
- B√¢timent BBC, construit en 2016.

La r√©sidence comprend : Une salle de r√©union, une laverie, un garage √† v√©los, une salle internet, un local poubelle, accessible par un pass compris dans les charges.

Disponible tout de suite.
Contact par message uniquement.",690,Appartement,2,25,1,Not Available,Not Available,Oui,4,5,140,550,Alsace,Bas-Rhin,Strasbourg,67000,48.58504,7.73642,Tristan,Non,,oui,,,oui,34.0,33.0,32.0,31.0,30.0,29.0,28.0,27.0,26.0,25.0,24.0,23.0,22.0,21.0,20.0,19.0,18.0,17.0,16.0,15.0,14.0,13.0,12.0,11.0,10.0,9.0,8.0,7.0,6.0,5.0,4.0,3.0,2.0,1.0,0.0,,,,,,,,,,,,,,,,,,,
36,https://www.leboncoin.fr/ad/locations/2708738609,"F3 70m¬≤ appartement au centre, calme",2024-05-21 18:28:41,"Loue appartement F3 Lingolsheim centre + garage + balcon

Tous professionnels de l'immobilier s'abstenir
Dossier s√©rieux avec garanties exig√©es (merci de remplir votre profil locataire sur leboncoin)
Bien disponible au 01/06/2024, nous souhaitons le louer au plus tard pour la mi-juin.

A louer appartement 3 pi√®ces au 104 rue du Marechal Foch, √† c√¥t√© de la boulangerie. A l'arri√®re dans la cour donc au calme. Environnement avec tous commerces aux alentours, 5 minutes √† pied de la gare de Lingolsheim, ligne de bus idem.

Il dispose d'une cuisine s√©par√©e √©quip√©e (four, lave-vaisselle, frigo/cong√©lo, ....), d'un salon/s√©jour et de deux chambres. Un balcon au calme avec vue sur la cour et un garage en sous sol compl√®tent ce bien. L'acc√®s au balcon est possible par toutes les pi√®ces de vie.

Loyer 850‚Ç¨ + 110‚Ç¨de charges (poubelles, entretien et √©lectricit√© des communs)
Chauffage et eau chaude au gaz, non compris dans les charges. logement tr√®s bien isol√©
Caution √† l'entr√© de 850‚Ç¨ + 1er loyer √† r√©gler

Video du bien disponible, envoi sur demande par mail via le profil locataire",960,Appartement,2,70,3,d,b,Oui,2,4,110,850,Alsace,Bas-Rhin,Lingolsheim,67380,48.55656,7.681,Anthony,Non,,oui,centre,,,35.0,34.0,33.0,32.0,31.0,30.0,29.0,28.0,27.0,26.0,25.0,24.0,23.0,22.0,21.0,20.0,19.0,18.0,17.0,16.0,15.0,14.0,13.0,12.0,11.0,10.0,9.0,8.0,7.0,6.0,5.0,4.0,3.0,2.0,1.0,0.0,,,,,,,,,,,,,,,,,,
37,https://www.leboncoin.fr/ad/locations/2708963050,STUDIO MEUBLE de 15m¬≤ STRASBOURG ROBERTSAU,2024-05-21 20:46:31,"Nous proposons  √† partir du 26 mai 2024 un studio meubl√© tr√®s calme en rez-de-jardin au milieu d‚Äôun parc arbor√© √† 300 m√®tres de l‚Äôarr√™t de Tramway ¬´¬†Jardiniers¬†¬ª, √† 800 m√®tres du conseil de l‚ÄôEurope ,  ligne de bus directe vers Esplanade, proche des commerces t de 2 pistes cyclables. 

Ce studio est situ√© dans la r√©sidence ¬´¬†le square des haies vives¬†¬ª parc arbor√© au sein de la Robertsau.

Ce studio conviendrait √† une personne appr√©ciant  le calme et la s√©r√©nit√©. Ce studio est dans un √©tat impeccable. Plaques √† induction neuves, r√©frig√©rateur et four micro-onde. Sommier √† lattes et matelas neuf. Cabine de douche dans salle de bain s√©par√©e. Ce studio meubl√© d‚Äôune surface totale de 15m¬≤ comprend de nombreux placards de rangement. Volets √©lectriques et double vitrage. Concierge, places de parking gratuites, parc bois√©, parc √† v√©los.

Vous pouvez √©galement prendre une place privative de parking devant l‚Äôimmeuble, moyennant un suppl√©ment de 30‚Ç¨ mensuels.

Le loyer est de 530 ‚Ç¨ et il est demand√© une avance sur charges de 50‚Ç¨. Les charges comprennent les frais de chauffage, la fourniture d‚Äôeau chaude et froide, les frais de concierge, l'entretien du parc. Le chauffage est via une chaudi√®re au  gaz √† condensation de 2017. 
We speak English and German.

Pour un premier contact via la messagerie de Leboncoin, veuillez SVP vous pr√©senter",580,Appartement,1,15,1,e,d,Non,0,3,50,1060,Alsace,Bas-Rhin,Strasbourg,67000,48.59841,7.78381,Denis,Non,,Non,,Non,Non,36.0,35.0,34.0,33.0,32.0,31.0,30.0,29.0,28.0,27.0,26.0,25.0,24.0,23.0,22.0,21.0,20.0,19.0,18.0,17.0,16.0,15.0,14.0,13.0,12.0,11.0,10.0,9.0,8.0,7.0,6.0,5.0,4.0,3.0,2.0,1.0,0.0,,,,,,,,,,,,,,,,,
38,https://www.leboncoin.fr/ad/locations/2708717275,Loue 2 pi√®ces,2024-05-21 18:18:01,"Loue beau 2 pi√®ces √† STRASBOURG NEUDORF (centre), 56m2, 1er √©tage, cuisine avec balcon donnant sur l'arri√®re, salle de bain, wc, chauffage √©lectrique (accumulation), ascenseur, cave, parking priv√© couvert, proximit√© commerces. Loyer 550 euros, charges 80 euros.",630,Appartement,2,56,2,d,b,Oui,1,Not Available,80,550,Alsace,Bas-Rhin,Strasbourg,67100,48.5453,7.76645,roby,Non,,,,,,37.0,36.0,35.0,34.0,33.0,32.0,31.0,30.0,29.0,28.0,27.0,26.0,25.0,24.0,23.0,22.0,21.0,20.0,19.0,18.0,17.0,16.0,15.0,14.0,13.0,12.0,11.0,10.0,9.0,8.0,7.0,6.0,5.0,4.0,3.0,2.0,1.0,0.0,,,,,,,,,,,,,,,,
39,https://www.leboncoin.fr/ad/locations/2708548902,Location appartement 2 pieces,2024-05-21 16:47:33,"Appartement de 37,70 m2 dans un quartier calme rue des Bornes √† Strasbourg Cronenbourg 
Au deuxi√®me √©tage avec ascenseur, il est compos√© d‚Äôune entr√©e avec placard, deux chambres, une cuisine √©quip√©e, une salle de bain avec WC et un balcon. Une cave compl√®te le bien. ‚Ä®Chauffage √©lectrique individuel‚Ä®Eau chaude sanitaire par cumulus √©lectrique.‚Ä®Proche de toutes commodit√©s 
Tram et bus √† 5/10 mn √† pied 
Disponible d√©but juin 2024. 
Loyer mensuel : 542 ‚Ç¨ + 58 ‚Ç¨ d‚Äôavance sur charges avec r√©gularisation annuelle 
Dep√¥t de garantie : 542 ‚Ç¨
Pas de frais d‚Äôagence 
DPE et GES en cours
 
Les dossiers avec garantie Visale ou garants physiques appr√©ci√©s .
Documents √† fournir 
Ces documents sont n√©cessaires pour le locataire et le garant.
- Carte d'identit√© (recto verso) ou passeport
Pour le locataire :
- 3 derni√®res quittances de loyer,
- Coordonn√©es du propri√©taire.
Si vous √™tes propri√©taire : 
- Derni√®re taxe fonci√®re
ou 
- Titre de propri√©t√© de la r√©sidence principale
pour le salari√© :
- 3 derni√®res fiches de paie
- Dernier avis d'imposition
pour les professions lib√©rales ou autres
-  2 derniers avis d'imposition,
- Carte professionnelle,
- RIB de la soci√©t√©,
- Extrait k bis (de moins de 3 mois).",542,Appartement,2,37,2,v,v,Oui,2,4,58,542,Alsace,Bas-Rhin,Strasbourg,67200,48.59698,7.72023,Yo,Non,,,calme,,,38.0,37.0,36.0,35.0,34.0,33.0,32.0,31.0,30.0,29.0,28.0,27.0,26.0,25.0,24.0,23.0,22.0,21.0,20.0,19.0,18.0,17.0,16.0,15.0,14.0,13.0,12.0,11.0,10.0,9.0,8.0,7.0,6.0,5.0,4.0,3.0,2.0,1.0,0.0,,,,,,,,,,,,,,,
40,https://www.leboncoin.fr/ad/locations/2708475990,Duplex meubl√© 115m2,2024-05-21 16:06:12,"Particulier loue un Magnifique duplex r√©nov√© en 2022 en meubl√©.

Dispo au 1er juin 2024

Loyer : 1200 euros +
Charges : 90 euros ( gestion, entretien chaudi√®re, eau, ordures m√©nag√®res )

Surface carrez : 82,87m2
Surface hors ¬´¬†carrez¬†¬ª : 33,75 m2 
Dpe : D
Ges : D

Date du DPE : 25/03/2024

Parking gratuit au bas de l‚Äôimmeuble 
Tram b √† 50m et bus 
√âcole maternelle primaire et coll√®ge en bas de l‚Äôimmeuble.
Nombreux commerces ( Carrefour express, Auchan, pharmacie, laboratoire, boucherie etc)

Qui se compose de la mani√®re suivante : 

Le duplex se trouve tout en haut et le calme et de mise ( gros avantage ) ( 3 logements )

Vous trouverez en entrant une petite entr√©e de 4m2, avec meuble d‚Äôentr√©e, qui dessert les diff√©rentes pi√®ces du logement, √† savoir :

la premi√®re chambre de 15m2 au sol, Avec sol imitation chevron de qualit√©, lit deux personnes, table de nuit, coiffeuse et dressing.

A c√¥t√© de celle ci au choix : salon ou chambre suppl√©mentaire d‚Äô√©galement 15 m2  avec parquet ancien vitrifi√© et ponc√©, actuellement se trouve un canap√© d‚Äôangle, une table basse, un meuble tv, la t√©l√©vision et une belle vitrine.

Un cabinet de toilette de 1,36m2 se trouve √©galement au rez-de-chauss√©e ( sol chevron) toilette suspendu refait √† neuf √©galement. 

Vous acc√©dez ensuite √† la cuisine / salle √† manger. Cette pi√®ce de vie accueil un magnifique bar r√©nov√© avec deux tabouret de bar.
Une table √† manger monast√®re et 6 chaises et un bahut effet bois. Dans la partie cuisine une cuisine avec plaque induction, r√©frig√©rateur avec partie cong√©lateur, un four √† micro onde et un lave vaisselle, Et le n√©cessaire de cuisine.
Cette pi√®ce fait 22m2 .

Vous trouverez aussi √† ce niveau la salle de bain de 6m2 compos√© d‚Äôun meuble vasque d‚Äôune baignoire et d‚Äôun s√®che serviette neuf . √âgalement a dispo : une machine √† laver, un s√®che linge, un √©tendoir √† linge, fer √† repasser et table √† repasser. 

A l‚Äô√©tage : 
L‚Äôescalier se situant au bar permet d‚Äôacc√©der √† l‚Äô√©tage qui abrite une magnifique chambre parentale de 20m2, pouvant faire √©galement office de chambre d‚Äôenfant, salon √† l‚Äô√©tage ou grand bureau ‚Ä¶ tant de dispositions pour vous projeter √† votre guise.

Pour terminer l‚Äô√©tage abrite √©galement un palier / mezzanine , avec un renfort permettant du rangement en sus / espace de lecture etc.. qui accueil actuellement un lit hemnes avec rangement, une penderie et une √©tag√®re de rangement. 

Vous pouvez consulter la liste des meubles obligatoire en location meuble pour obtenir plus de d√©tails. Nous laissons des prestations haut de gamme actuellement et la d√©co au besoin.

En compl√©ment de ce bien : une petite cave permettant un peu de stockage. Un espace commun pour les v√©los , et une petite cour commune vous raviront.

Je reste √† votre enti√®re disposition pour tout renseignements ou photos en sus.

Estimation des co√ªts annuels √©nergie 
Estim√© en 990e et 1430e par an.
Prix moyens des √©nergies index√©s au 1er janvier 2021 ( abonnement compris ) 

Je m‚Äôoppose fermement au d√©marchage des agences immobili√®res et agent ind√©pendant et m‚Äôengage √† engager des poursuites si non respect de ce point. 
¬´¬†Les sanctions, en cas de d√©marchage t√©l√©phonique interdit, peuvent aller jusqu'√† 75 000 euros d‚Äôamende pour les personnes physiques et 375 000 euros pour les entreprises.¬†¬ª

Vous pouvez consulter les informations de risques : www.georisques.gouv.fR

Zone soumise √† l‚Äôencadrement des loyers.

Chauffage au gaz, √©lectricit√© et tableau refait √† neuf. Chaudi√®re neuve derni√®re g√©n√©ration Fenetre pvc double vitrage au bas de l‚Äôappartement, velux neuf en haut. radiateurs neufs dans tout le logement. 

Liste des pi√®ces justificatives exig√©es par simple demande. Dossier b√©ton exig√©s. Cautionnaire obligatoire, d√©p√¥t de garantie : 2 mois de loyers hors charge. Entretien avant visite.

Agathe",1290,Appartement,1,115,4,d,d,Not Available,2,2,90,2400,Alsace,Bas-Rhin,Ostwald,67540,48.54393,7.71036,verbeke,Non,,oui,,,oui,39.0,38.0,37.0,36.0,35.0,34.0,33.0,32.0,31.0,30.0,29.0,28.0,27.0,26.0,25.0,24.0,23.0,22.0,21.0,20.0,19.0,18.0,17.0,16.0,15.0,14.0,13.0,12.0,11.0,10.0,9.0,8.0,7.0,6.0,5.0,4.0,3.0,2.0,1.0,0.0,,,,,,,,,,,,,,
41,https://www.leboncoin.fr/ad/locations/2708592627,Apartement meubl√© avec cours privative,2024-05-21 17:10:24,"Appartement situ√© √† Schiltigheim, d'une superficie totale de 70m¬≤ avec une cour privative de 70 m¬≤. L'appartement est enti√®rement r√©nov√© et meubl√© avec go√ªt, il comprend :   

- Une entr√©e  
- Un s√©jour  
- Une cuisine enti√®rement √©quip√©e  
- Deux chambres avec chacune une armoire et un lit 160x200 
- Une salle de bain  
- Il est dot√© de tous les appareils √©lectrom√©nagers : hotte, plaque de cuisson gaz, four, lave-vaisselle, r√©frig√©rateur-cong√©lateur, et machine √† laver.   

Les transports en commun, √©coles, cr√®ches, m√©decins et commerces sont √† proximit√©. Le centre-ville de Strasbourg est accessible en 15 minutes √† v√©lo ou en bus, et l'acc√®s √† l'autoroute se fait en 5 minutes.   
- Loyer : 1200‚Ç¨ par mois  
- Montant des charges : 50‚Ç¨ par mois (comprenant l'eau froide avec r√©gularisation annuelle).  
- Gaz et √©lectricit√© √† la charge du locataire.  
- D√©p√¥t de garantie : 2400‚Ç¨   

Disponible √† partir du 1er juillet, Caution Visale exig√©e   
Le diagnostic de performance √©nerg√©tique (DPE) est en cours de r√©alisation.  

Demande examin√©e sur dossier transmis complet avant tout RDV et visite: fiche de renseignement √† demander aupr√®s du propri√©taire et √† renvoyer compl√©t√©e avec les documents.",1250,Appartement,1,70,3,Not Available,Not Available,Non,1,4,50,2400,Alsace,Bas-Rhin,Schiltigheim,67300,48.6096,7.75107,Faiza L.,Non,2.0,oui,Schiltigheim,,oui,40.0,39.0,38.0,37.0,36.0,35.0,34.0,33.0,32.0,31.0,30.0,29.0,28.0,27.0,26.0,25.0,24.0,23.0,22.0,21.0,20.0,19.0,18.0,17.0,16.0,15.0,14.0,13.0,12.0,11.0,10.0,9.0,8.0,7.0,6.0,5.0,4.0,3.0,2.0,1.0,0.0,,,,,,,,,,,,,
42,https://www.leboncoin.fr/ad/locations/2708675776,Strasbourg centre studio,2024-05-21 17:54:43,"Strasbourg centre arr√™t tram Contades, studio. Coin cuisine,¬† salle de douche et wc. Loyer mensuel 620 euros, plus quatre-vingts euros de charges, Chauffage et eau chaude compris. Veuillez me contacter uniquement par t√©l√©phone. Ne r√©ponds pas aux sms.",620,Appartement,2,28,1,c,c,Oui,Not Available,Not Available,Not Available,Not Available,Alsace,Bas-Rhin,Strasbourg,67000,48.58504,7.73642,Antonhy,Non,,oui,Contades,,oui,41.0,40.0,39.0,38.0,37.0,36.0,35.0,34.0,33.0,32.0,31.0,30.0,29.0,28.0,27.0,26.0,25.0,24.0,23.0,22.0,21.0,20.0,19.0,18.0,17.0,16.0,15.0,14.0,13.0,12.0,11.0,10.0,9.0,8.0,7.0,6.0,5.0,4.0,3.0,2.0,1.0,0.0,,,,,,,,,,,,
43,https://www.leboncoin.fr/ad/locations/2709041816,"Chambre spacieuse et toute √©quip√©e de 12m2, √† L‚ÄôEsplanade",2024-05-21 21:42:57,"Bonjour je mets en location une grande chambre de 12m2 dans un appartement de 70 m¬≤ id√©alement situ√© rue d‚ÄôUpsal, √† Strasbourg. L'appartement a √©t√© refait √† neuf. Chambre toute √©quip√©e avec bureau, armoire, rangements, commode. Lit double Emma neuf. Magnifique vue d√©gag√©e sur le port de Strasbourg et la for√™t noire allemande. Appartement partag√© avec 3 √©tudiants studieux. Cet appartement comporte une pi√®ce de vie am√©nag√©e d‚Äôune cuisine, d‚Äôune salle de bain, d‚Äôun WC et d'une terrasse donnant sur la for√™t noire allemande. La cuisine est tout √©quip√©e avec lave linge/s√®che linge. Le bien est situ√© au dernier √©tage, il n'y a pas de bruit de voisins et vous disposez d'une vue d√©gag√©e dans chaque chambre. L'appartement est √©quip√© de la fibre. Le bien est situ√© au dernier √©tage, dans une copropri√©t√© tranquille √† 2 pas de l‚Äôuniversit√© en plein centre du quartier Esplanade. Loyer de 560‚Ç¨ avec 80‚Ç¨ de provisions de charges en sus comprenant eau, √©lectricit√©, chauffage et internet. 
Bail individuel ouvrant le droit aux APL. Possibilit√© de location sur 2 mois, jusqu‚Äô√† fin ao√ªt ou pour l'ann√©e scolaire. 
N‚Äôh√©sitez pas √† me contacter pour plus d‚Äôinformations.",560,Appartement,1,70,1,c,d,Oui,15,15,Not Available,Not Available,Alsace,Bas-Rhin,Strasbourg,67000,48.57887,7.77699,pierre,Non,,oui,,,oui,42.0,41.0,40.0,39.0,38.0,37.0,36.0,35.0,34.0,33.0,32.0,31.0,30.0,29.0,28.0,27.0,26.0,25.0,24.0,23.0,22.0,21.0,20.0,19.0,18.0,17.0,16.0,15.0,14.0,13.0,12.0,11.0,10.0,9.0,8.0,7.0,6.0,5.0,4.0,3.0,2.0,1.0,0.0,,,,,,,,,,,
44,https://www.leboncoin.fr/ad/locations/2709201661,Studio de 13m2,2024-05-22 00:36:06,"STUDIO DE 13M2 en meubl√© - Quartier Cronenbourg Saint Florent

√Ä quelques minutes du centre ville de Strasbourg : 
- 5min √† pieds de l‚Äôarr√™t de tram (3 arr√™ts pour arriver au centre) 
- 10min de v√©lo du centre 

√Ä quelques pas se trouve tous les commerces n√©cessaires. L‚Äôappartement se situe au rez de chauss√©e, dans une rue √† sens unique. 

L‚Äôappartement vient d‚Äô√™tre r√©nov√©. L‚Äôensemble du mobilier est neuf ainsi que l‚Äô√©lectrom√©nager. Il y‚Äôa √©galement une machine √† laver. 

Le lit est coulissant pour s‚Äôouvrir en un lit deux places et ainsi gagner de la place, tout comme la table qui est rabattable. Il y a √©galement une petite penderie murale. 

L‚Äôimmeuble dispose d‚Äôun garage √† v√©lo. 

Il est possible d‚Äôavoir davantage de photos via la messagerie le boncoin.

Deux mois de caution demand√©s. Merci de m‚Äôenvoyer directement vos dossiers via la messagerie.

450‚Ç¨ Loyer + 50‚Ç¨ Charges",450,Appartement,1,13,1,Not Available,Not Available,Not Available,0,Not Available,50,900,Alsace,Bas-Rhin,Strasbourg,67000,48.58504,7.73642,Melanie,Non,,,Cronenbourg,,Non,43.0,42.0,41.0,40.0,39.0,38.0,37.0,36.0,35.0,34.0,33.0,32.0,31.0,30.0,29.0,28.0,27.0,26.0,25.0,24.0,23.0,22.0,21.0,20.0,19.0,18.0,17.0,16.0,15.0,14.0,13.0,12.0,11.0,10.0,9.0,8.0,7.0,6.0,5.0,4.0,3.0,2.0,1.0,0.0,,,,,,,,,,
45,https://www.leboncoin.fr/ad/locations/2709072002,"Chambre spacieuse et toute √©quip√©e de 19m2, √† L‚ÄôEsplanade",2024-05-21 22:03:13,"Bonjour je mets en location une grande chambre de 19m2 dans un appartement de 78 m¬≤ id√©alement situ√© rue d‚ÄôUpsal, √† Strasbourg. 
Chambre avec grande baie vitr√©e, toute √©quip√©e avec bureau, armoire, rangements, commode et t√©l√©vision. 
Situ√© dans une copropri√©t√© tranquille √† 2 pas de l‚Äôuniversit√©, l'appartement est partag√© avec 3 √©tudiants studieux. Il comporte une cuisine, une salle de bain, un WC s√©par√©. La cuisine est tout √©quip√©e avec lave-linge. La copropri√©t√© dispose d'un local √† v√©lo. Le bien est situ√© au dernier √©tage, il n'y a pas de bruit de voisins et vous disposez d'une vue d√©gag√©e dans chaque pi√®ce et d'une belle luminosit√©. 
Possibilit√© de place de parking en sus. 
L'appartement est √©quip√© de la fibre. 
Loyer de 580‚Ç¨ avec 80‚Ç¨ de provisions de charges en sus comprenant eau, √©lectricit√©, chauffage et internet. 
Bail individuel ouvrant le droit aux APL. 
Libre de suite. N‚Äôh√©sitez pas √† me contacter pour plus d‚Äôinformations.",580,Appartement,1,78,1,a,c,Oui,9,9,Not Available,Not Available,Alsace,Bas-Rhin,Strasbourg,67000,48.57815,7.77817,pierre,Non,,oui,,,oui,44.0,43.0,42.0,41.0,40.0,39.0,38.0,37.0,36.0,35.0,34.0,33.0,32.0,31.0,30.0,29.0,28.0,27.0,26.0,25.0,24.0,23.0,22.0,21.0,20.0,19.0,18.0,17.0,16.0,15.0,14.0,13.0,12.0,11.0,10.0,9.0,8.0,7.0,6.0,5.0,4.0,3.0,2.0,1.0,0.0,,,,,,,,,
46,https://www.leboncoin.fr/ad/locations/2677279859,Beau T2 Duplex Neudorf,2024-05-02 10:06:34,"Beau duplex T2 √† Strasbourg Neudorf dans immeuble totalement r√©nov√©, libre au 1er juin 2024, 2√®me occupation, Proximit√© du tram et toutes commodit√©s, Loyer 850‚Ç¨ + charges 40‚Ç¨, 66m2 au sol,  49 Surface Habitable, cuisine et salle de bain √©quip√©e,  chauffage individuel au gaz, belles prestations. Pas de frais d agence.",850,Appartement,2,49,2,c,c,Not Available,Not Available,2,40,850,Alsace,Bas-Rhin,Strasbourg,67100,48.56681,7.7532,SCI ELJURO,Non,,oui,,,oui,45.0,44.0,43.0,42.0,41.0,40.0,39.0,38.0,37.0,36.0,35.0,34.0,33.0,32.0,31.0,30.0,29.0,28.0,27.0,26.0,25.0,24.0,23.0,22.0,21.0,20.0,19.0,18.0,17.0,16.0,15.0,14.0,13.0,12.0,11.0,10.0,9.0,8.0,7.0,6.0,5.0,4.0,3.0,2.0,1.0,0.0,,,,,,,,
47,https://www.leboncoin.fr/ad/locations/2708414975,Beau studio meubl√© centre Strasbourg,2024-05-21 15:31:55,"Particulier loue coquet studio situ√© au centre-ville au carrefour du centre historique, 3 rue du 22 Novembre, √† proximit√© des facult√©s et du Tram.
Ce studio de 18m¬≤, lumineux et agr√©able, se situe au 4em √©tage avec ascenseur. Acc√®s s√©curis√© avec interphone id√©al pour √©tudiant.
Il est compos√©:
- d'une salle de bain avec douche, WC .
- d'une pi√®ce principale avec un canap√© lit (vrai matelas), un bureau, une biblioth√®que et une table basse.
Le coin cuisine est compos√© d‚Äôun frigo, d‚Äôune plaque de cuisson, d‚Äôun micro-onde.
Libre au 1er juin.
Studio pour √©tudiant avec caution des parents.",520,Appartement,1,18,1,d,d,Oui,4,5,120,500,Alsace,Bas-Rhin,Strasbourg,67000,48.58294,7.74134,Dominique,Non,,,,,Non,46.0,45.0,44.0,43.0,42.0,41.0,40.0,39.0,38.0,37.0,36.0,35.0,34.0,33.0,32.0,31.0,30.0,29.0,28.0,27.0,26.0,25.0,24.0,23.0,22.0,21.0,20.0,19.0,18.0,17.0,16.0,15.0,14.0,13.0,12.0,11.0,10.0,9.0,8.0,7.0,6.0,5.0,4.0,3.0,2.0,1.0,0.0,,,,,,,
48,https://www.leboncoin.fr/ad/locations/2675245019,Location 2 pi√®ces 67202 WOLFISHEIM,2024-04-30 20:31:24,"Location √† partir du 20 mai 2024 . 
2 pi√®ces cuisine enti√®rement √©quip√©e - salle de bain avec douche √† l'italienne -WC .
Appartement refait √† neuf en 2020 .
Tr√®s lumineux .",800,Appartement,1,70,2,v,v,Non,1,2,80,1700,Alsace,Bas-Rhin,Wolfisheim,67202,48.587894,7.66911,Anne,Non,,oui,,,oui,47.0,46.0,45.0,44.0,43.0,42.0,41.0,40.0,39.0,38.0,37.0,36.0,35.0,34.0,33.0,32.0,31.0,30.0,29.0,28.0,27.0,26.0,25.0,24.0,23.0,22.0,21.0,20.0,19.0,18.0,17.0,16.0,15.0,14.0,13.0,12.0,11.0,10.0,9.0,8.0,7.0,6.0,5.0,4.0,3.0,2.0,1.0,0.0,,,,,,
49,https://www.leboncoin.fr/ad/locations/2708619080,Grand studio Avenue des Vosges,2024-05-21 17:24:53,"Appartement 1 pi√®ce de 31 m2 situ√© avenue des Vosges pr√®s de la place de la R√©publique.
Au 1er √©tage , au calme dans une cour int√©rieure.
Le studio se compose :
- d'une entr√©e avec placard et un WC s√©par√© 
- d'une grande pi√®ce lumineuse de 17m2
- d'une salle de bains  avec baignoire
- et d'une cuisine s√©par√©e avec une grande fen√™tre.
Parquet au sol
Une cave est disponible
Loyer 600‚Ç¨ + 70‚Ç¨ de charges",670,Appartement,2,31,1,e,d,Non,1,Not Available,70,600,Alsace,Bas-Rhin,Strasbourg,67000,48.58504,7.73642,hl,Non,,,,,oui,48.0,47.0,46.0,45.0,44.0,43.0,42.0,41.0,40.0,39.0,38.0,37.0,36.0,35.0,34.0,33.0,32.0,31.0,30.0,29.0,28.0,27.0,26.0,25.0,24.0,23.0,22.0,21.0,20.0,19.0,18.0,17.0,16.0,15.0,14.0,13.0,12.0,11.0,10.0,9.0,8.0,7.0,6.0,5.0,4.0,3.0,2.0,1.0,0.0,,,,,
50,https://www.leboncoin.fr/ad/locations/2709151193,Krutenau - Location appartement F3 - 76m¬≤ - 2 places de parking,2024-05-21 23:15:38,"Rue de Zurich 
Loue appartement meubl√© au coeur de la Krutenau. Au 1er √©tage sur√©lev√©. Grand s√©jour avec belle luminosit√© c√¥t√© rue, balconnet donnant sur la rue. Cuisine s√©par√©e tout √©quip√©e. Un couloir avec de nombreux rangements am√®ne sur deux chambres et la salle de bain. Douche √† l'italienne. WC s√©par√©. Double vitrage, volet √©lectrique.
2 places de parking + 1 cave. 
1350‚Ç¨ + 200‚Ç¨ de provision sur charges ( eau chaude, eau froide chauffage)",1550,Appartement,2,76,Not Available,Not Available,Not Available,Not Available,Not Available,Not Available,200,2500,Alsace,Bas-Rhin,Strasbourg,67000,48.57985,7.75662,Juljul,Non,1.0,,,,,49.0,48.0,47.0,46.0,45.0,44.0,43.0,42.0,41.0,40.0,39.0,38.0,37.0,36.0,35.0,34.0,33.0,32.0,31.0,30.0,29.0,28.0,27.0,26.0,25.0,24.0,23.0,22.0,21.0,20.0,19.0,18.0,17.0,16.0,15.0,14.0,13.0,12.0,11.0,10.0,9.0,8.0,7.0,6.0,5.0,4.0,3.0,2.0,1.0,0.0,,,,
51,https://www.leboncoin.fr/ad/locations/2708679161,Studio plein centre,2024-05-21 17:56:25,"Mise en location d'un studio pour √©tudiant avec emplacement id√©al, vue sur la cath√©drale. En plein centre ville, proche des transports en commun et de toutes commodit√©s. L'appartement a un agencement id√©al pour un confort optimal.
Loyer de 410 euros et 80 curos de charges comprenant le chauffage au gaz central, l'eau chaude et froide ainsi que l'entretien des parties communes.
Aucun frais de dossier √† pr√©voir. Location non meubl√©e, garants obligatoires. La pr√©sence de l‚Äôun des parents est souhait√©e lors de la visite, et obligatoire lors de la signature, ainsi que celle du futur locataire.
Appartement √† louer d√®s maintenant, merci de me contacter via le bon coin.",490,Appartement,2,Not Available,1,v,v,Not Available,Not Available,Not Available,80,Not Available,Alsace,Bas-Rhin,Strasbourg,67000,48.5791,7.75267,Lex,Non,,oui,,,oui,50.0,49.0,48.0,47.0,46.0,45.0,44.0,43.0,42.0,41.0,40.0,39.0,38.0,37.0,36.0,35.0,34.0,33.0,32.0,31.0,30.0,29.0,28.0,27.0,26.0,25.0,24.0,23.0,22.0,21.0,20.0,19.0,18.0,17.0,16.0,15.0,14.0,13.0,12.0,11.0,10.0,9.0,8.0,7.0,6.0,5.0,4.0,3.0,2.0,1.0,0.0,,,
52,https://www.leboncoin.fr/ad/locations/2709095605,Particulier loue studio meubl√© Robertsau,2024-05-21 22:21:23,"Particulier loue studio enti√®rement meubl√© (cuisine √©quip√©e : mini-four, micro-onde, plaques de cuisson, r√©frig√©rateur/cong√©lateur, machine √† caf√© Nespresso et machine √† laver, canap√© lit, chaise, bureau, TV). Salle de bain avec baignoire, meuble vasque et WC.
Nombreux rangements.
R√©sidence de standing s√©curis√©e, calme absolu.
Arr√™t de bus √† 30 m√®tres, Tram √† 10 min reliant le centre ville (arr√™t Boecklin).
Libre 1er juillet.
Premier contact par e-mail. Merci",650,Appartement,1,27,1,e,d,Oui,1,3,Not Available,Not Available,Alsace,Bas-Rhin,Strasbourg,67000,48.62115,7.79583,gb,Non,,,,,,51.0,50.0,49.0,48.0,47.0,46.0,45.0,44.0,43.0,42.0,41.0,40.0,39.0,38.0,37.0,36.0,35.0,34.0,33.0,32.0,31.0,30.0,29.0,28.0,27.0,26.0,25.0,24.0,23.0,22.0,21.0,20.0,19.0,18.0,17.0,16.0,15.0,14.0,13.0,12.0,11.0,10.0,9.0,8.0,7.0,6.0,5.0,4.0,3.0,2.0,1.0,0.0,,
53,https://www.leboncoin.fr/ad/locations/2709488947,Appartement 3pi√®ces meubl√©,2024-05-22 09:15:50,"Centre de Strasbourg √† cot√© de la place des Halles √† louer joli 3pi√®ces meubl√© en excellent √©tat . 
Loyer mensuel 1100 + 80 euros de charges forfaitaire .",1180,Appartement,1,60,3,b,a,Non,1,3,80,2200,Alsace,Bas-Rhin,Strasbourg,67000,48.58665,7.74343,louislux08,Non,,oui,,,oui,52.0,51.0,50.0,49.0,48.0,47.0,46.0,45.0,44.0,43.0,42.0,41.0,40.0,39.0,38.0,37.0,36.0,35.0,34.0,33.0,32.0,31.0,30.0,29.0,28.0,27.0,26.0,25.0,24.0,23.0,22.0,21.0,20.0,19.0,18.0,17.0,16.0,15.0,14.0,13.0,12.0,11.0,10.0,9.0,8.0,7.0,6.0,5.0,4.0,3.0,2.0,1.0,0.0,
